Workbook
Name Slicer_Year: #N/A

Sheet Dataset for Data Analytics - cl
A1: OrderID | B1: Date | C1: Year | D1: Quarter | E1: CustomerID | F1: Product | G1: Quantity | H1: UnitPrice | I1: ShippingAddress | J1: PaymentMethod | K1: OrderStatus | L1: TrackingNumber | M1: ItemsInCart | N1: CouponCode | O1: ReferralSource | P1: TotalPrice | Q1: TotalRevenue | R1: Outliers
A2: ORD200000 | B2: 44930 | C2: 2023 | D2: Q1 | E2: C72649 | F2: Monitor | G2: 5 | H2: 570.62 | I2: 928 Main St | J2: Debit Card | K2: Shipped | L2: TRK37947903 | M2: 7 | N2: SAVE10 | O2: Instagram | P2: 2853.1 | Q2: 2853.1 | R2: =IF(OR(P2<Outliers!$B$5, P2>Outliers!$B$6), "outliers", "")
A3: ORD200001 | B3: 45527 | C3: 2024 | D3: Q3 | E3: C75739 | F3: Phone | G3: 2 | H3: 151.35 | I3: 823 Main St | J3: Online | K3: Shipped | L3: TRK91186779 | M3: 3 | N3: SAVE10 | O3: Referral | P3: 302.7 | Q3: 302.7 | R3: =IF(OR(P3<Outliers!$B$5, P3>Outliers!$B$6), "outliers", "") | U3: =SUM(P2:P1201) -> 1264762
A4: ORD200002 | B4: 45349 | C4: 2024 | D4: Q1 | E4: C81728 | F4: Tablet | G4: 5 | H4: 550.68 | I4: 512 Main St | J4: Credit Card | K4: Cancelled | L4: TRK42903982 | M4: 8 | N4: FREESHIP | O4: Email | P4: 2753.4 | Q4: 2753.4 | R4: =IF(OR(P4<Outliers!$B$5, P4>Outliers!$B$6), "outliers", "") | S4: =COUNTIF(R2:R1200, "outliers") -> 8 | U4: =COUNT(P2:P1201) -> 1200
A5: ORD200003 | B5: 45214 | C5: 2023 | D5: Q4 | E5: C33540 | F5: Chair | G5: 1 | H5: 273.19 | I5: 275 Main St | J5: Debit Card | K5: Returned | L5: TRK62788070 | M5: 5 | N5: SAVE10 | O5: Facebook | P5: 273.19 | Q5: 273.19 | R5: =IF(OR(P5<Outliers!$B$5, P5>Outliers!$B$6), "outliers", "")
A6: ORD200004 | B6: 45785 | C6: 2025 | D6: Q2 | E6: C81840 | F6: Printer | G6: 4 | H6: 626.01 | I6: 668 Main St | J6: Online | K6: Delivered | L6: TRK29241424 | M6: 8 | N6: SAVE10 | O6: Email | P6: 2504.04 | Q6: 2504.04 | R6: =IF(OR(P6<Outliers!$B$5, P6>Outliers!$B$6), "outliers", "")
A7: ORD200005 | B7: 45222 | C7: 2023 | D7: Q4 | E7: C37249 | F7: Phone | G7: 2 | H7: 245.86 | I7: 934 Main St | J7: Credit Card | K7: Shipped | L7: TRK72976927 | M7: 4 | N7: SAVE10 | O7: Instagram | P7: 491.72 | Q7: 491.72 | R7: =IF(OR(P7<Outliers!$B$5, P7>Outliers!$B$6), "outliers", "")
A8: ORD200006 | B8: 45825 | C8: 2025 | D8: Q2 | E8: C83492 | F8: Laptop | G8: 1 | H8: 664.42 | I8: 986 Main St | J8: Gift Card | K8: Returned | L8: TRK96417362 | M8: 6 | N8: SAVE10 | O8: Facebook | P8: 664.42 | Q8: 664.42 | R8: =IF(OR(P8<Outliers!$B$5, P8>Outliers!$B$6), "outliers", "")
A9: ORD200007 | B9: 45058 | C9: 2023 | D9: Q2 | E9: C41460 | F9: Monitor | G9: 5 | H9: 149.55 | I9: 706 Main St | J9: Cash | K9: Shipped | L9: TRK78809193 | M9: 9 | N9: FREESHIP | O9: Facebook | P9: 747.75 | Q9: 747.75 | R9: =IF(OR(P9<Outliers!$B$5, P9>Outliers!$B$6), "outliers", "")
A10: ORD200008 | B10: 45749 | C10: 2025 | D10: Q2 | E10: C26817 | F10: Phone | G10: 2 | H10: 134.28 | I10: 904 Main St | J10: Gift Card | K10: Cancelled | L10: TRK61042692 | M10: 2 | O10: Email | P10: 268.56 | Q10: 268.56 | R10: =IF(OR(P10<Outliers!$B$5, P10>Outliers!$B$6), "outliers", "")
A11: ORD200009 | B11: 45251 | C11: 2023 | D11: Q4 | E11: C31946 | F11: Desk | G11: 4 | H11: 509.38 | I11: 102 Main St | J11: Credit Card | K11: Shipped | L11: TRK33478363 | M11: 6 | N11: SAVE10 | O11: Google | P11: 2037.52 | Q11: 2037.52 | R11: =IF(OR(P11<Outliers!$B$5, P11>Outliers!$B$6), "outliers", "")
A12: ORD200010 | B12: 45289 | C12: 2023 | D12: Q4 | E12: C43443 | F12: Tablet | G12: 5 | H12: 625.97 | I12: 333 Main St | J12: Credit Card | K12: Returned | L12: TRK98859248 | M12: 9 | N12: WINTER15 | O12: Instagram | P12: 3129.85 | Q12: 3129.85 | R12: =IF(OR(P12<Outliers!$B$5, P12>Outliers!$B$6), "outliers", "")
A13: ORD200011 | B13: 45339 | C13: 2024 | D13: Q1 | E13: C93861 | F13: Monitor | G13: 3 | H13: 49.14 | I13: 831 Main St | J13: Online | K13: Returned | L13: TRK48234646 | M13: 7 | N13: SAVE10 | O13: Email | P13: 147.42 | Q13: 147.42 | R13: =IF(OR(P13<Outliers!$B$5, P13>Outliers!$B$6), "outliers", "")
A14: ORD200012 | B14: 45580 | C14: 2024 | D14: Q4 | E14: C38785 | F14: Monitor | G14: 2 | H14: 180.5 | I14: 179 Main St | J14: Debit Card | K14: Pending | L14: TRK20419991 | M14: 6 | N14: FREESHIP | O14: Referral | P14: 361 | Q14: 361 | R14: =IF(OR(P14<Outliers!$B$5, P14>Outliers!$B$6), "outliers", "")
A15: ORD200013 | B15: 45168 | C15: 2023 | D15: Q3 | E15: C88348 | F15: Laptop | G15: 3 | H15: 201.49 | I15: 903 Main St | J15: Credit Card | K15: Returned | L15: TRK81913874 | M15: 4 | N15: FREESHIP | O15: Facebook | P15: 604.47 | Q15: 604.47 | R15: =IF(OR(P15<Outliers!$B$5, P15>Outliers!$B$6), "outliers", "")
A16: ORD200014 | B16: 45012 | C16: 2023 | D16: Q1 | E16: C98474 | F16: Tablet | G16: 2 | H16: 393.33 | I16: 980 Main St | J16: Debit Card | K16: Pending | L16: TRK79186539 | M16: 3 | N16: SAVE10 | O16: Instagram | P16: 786.66 | Q16: 786.66 | R16: =IF(OR(P16<Outliers!$B$5, P16>Outliers!$B$6), "outliers", "")
A17: ORD200015 | B17: 45124 | C17: 2023 | D17: Q3 | E17: C39416 | F17: Printer | G17: 1 | H17: 473.96 | I17: 942 Main St | J17: Cash | K17: Delivered | L17: TRK54930938 | M17: 3 | O17: Google | P17: 473.96 | Q17: 473.96 | R17: =IF(OR(P17<Outliers!$B$5, P17>Outliers!$B$6), "outliers", "")
A18: ORD200016 | B18: 44950 | C18: 2023 | D18: Q1 | E18: C28976 | F18: Printer | G18: 2 | H18: 533.81 | I18: 914 Main St | J18: Credit Card | K18: Pending | L18: TRK13194259 | M18: 3 | N18: FREESHIP | O18: Email | P18: 1067.62 | Q18: 1067.62 | R18: =IF(OR(P18<Outliers!$B$5, P18>Outliers!$B$6), "outliers", "")
A19: ORD200017 | B19: 45353 | C19: 2024 | D19: Q1 | E19: C60672 | F19: Tablet | G19: 1 | H19: 423.4 | I19: 382 Main St | J19: Debit Card | K19: Shipped | L19: TRK11972116 | M19: 3 | O19: Referral | P19: 423.4 | Q19: 423.4 | R19: =IF(OR(P19<Outliers!$B$5, P19>Outliers!$B$6), "outliers", "")
A20: ORD200018 | B20: 45742 | C20: 2025 | D20: Q1 | E20: C84329 | F20: Desk | G20: 1 | H20: 431.44 | I20: 891 Main St | J20: Gift Card | K20: Pending | L20: TRK65191045 | M20: 3 | N20: SAVE10 | O20: Facebook | P20: 431.44 | Q20: 431.44 | R20: =IF(OR(P20<Outliers!$B$5, P20>Outliers!$B$6), "outliers", "")
A21: ORD200019 | B21: 44949 | C21: 2023 | D21: Q1 | E21: C14552 | F21: Monitor | G21: 5 | H21: 224 | I21: 273 Main St | J21: Cash | K21: Returned | L21: TRK59101365 | M21: 9 | N21: SAVE10 | O21: Google | P21: 1120 | Q21: 1120 | R21: =IF(OR(P21<Outliers!$B$5, P21>Outliers!$B$6), "outliers", "")
A22: ORD200020 | B22: 45054 | C22: 2023 | D22: Q2 | E22: C54829 | F22: Chair | G22: 5 | H22: 62.51 | I22: 587 Main St | J22: Cash | K22: Pending | L22: TRK16718651 | M22: 9 | N22: WINTER15 | O22: Instagram | P22: 312.55 | Q22: 312.55 | R22: =IF(OR(P22<Outliers!$B$5, P22>Outliers!$B$6), "outliers", "")
A23: ORD200021 | B23: 45613 | C23: 2024 | D23: Q4 | E23: C99023 | F23: Monitor | G23: 4 | H23: 342.95 | I23: 569 Main St | J23: Cash | K23: Delivered | L23: TRK52646983 | M23: 6 | O23: Google | P23: 1371.8 | Q23: 1371.8 | R23: =IF(OR(P23<Outliers!$B$5, P23>Outliers!$B$6), "outliers", "")
A24: ORD200022 | B24: 44955 | C24: 2023 | D24: Q1 | E24: C34416 | F24: Monitor | G24: 2 | H24: 49.62 | I24: 633 Main St | J24: Online | K24: Pending | L24: TRK75937350 | M24: 2 | N24: SAVE10 | O24: Google | P24: 99.24 | Q24: 99.24 | R24: =IF(OR(P24<Outliers!$B$5, P24>Outliers!$B$6), "outliers", "")
A25: ORD200023 | B25: 45756 | C25: 2025 | D25: Q2 | E25: C42372 | F25: Phone | G25: 4 | H25: 273.25 | I25: 755 Main St | J25: Debit Card | K25: Cancelled | L25: TRK36168083 | M25: 5 | N25: FREESHIP | O25: Referral | P25: 1093 | Q25: 1093 | R25: =IF(OR(P25<Outliers!$B$5, P25>Outliers!$B$6), "outliers", "")
A26: ORD200024 | B26: 45595 | C26: 2024 | D26: Q4 | E26: C17470 | F26: Laptop | G26: 2 | H26: 230.95 | I26: 956 Main St | J26: Online | K26: Delivered | L26: TRK28775057 | M26: 3 | N26: WINTER15 | O26: Referral | P26: 461.9 | Q26: 461.9 | R26: =IF(OR(P26<Outliers!$B$5, P26>Outliers!$B$6), "outliers", "")
A27: ORD200025 | B27: 45497 | C27: 2024 | D27: Q3 | E27: C42577 | F27: Monitor | G27: 1 | H27: 399.98 | I27: 709 Main St | J27: Debit Card | K27: Delivered | L27: TRK69423327 | M27: 3 | N27: WINTER15 | O27: Email | P27: 399.98 | Q27: 399.98 | R27: =IF(OR(P27<Outliers!$B$5, P27>Outliers!$B$6), "outliers", "")
A28: ORD200026 | B28: 45357 | C28: 2024 | D28: Q1 | E28: C21944 | F28: Laptop | G28: 5 | H28: 59.55 | I28: 296 Main St | J28: Online | K28: Delivered | L28: TRK80276812 | M28: 6 | O28: Referral | P28: 297.75 | Q28: 297.75 | R28: =IF(OR(P28<Outliers!$B$5, P28>Outliers!$B$6), "outliers", "")
A29: ORD200027 | B29: 45344 | C29: 2024 | D29: Q1 | E29: C97593 | F29: Printer | G29: 1 | H29: 472.74 | I29: 881 Main St | J29: Online | K29: Shipped | L29: TRK89117573 | M29: 6 | N29: WINTER15 | O29: Google | P29: 472.74 | Q29: 472.74 | R29: =IF(OR(P29<Outliers!$B$5, P29>Outliers!$B$6), "outliers", "")
A30: ORD200028 | B30: 45251 | C30: 2023 | D30: Q4 | E30: C59823 | F30: Phone | G30: 4 | H30: 160.07 | I30: 568 Main St | J30: Online | K30: Pending | L30: TRK65895539 | M30: 5 | O30: Email | P30: 640.28 | Q30: 640.28 | R30: =IF(OR(P30<Outliers!$B$5, P30>Outliers!$B$6), "outliers", "")
A31: ORD200029 | B31: 45555 | C31: 2024 | D31: Q3 | E31: C33260 | F31: Desk | G31: 3 | H31: 423.53 | I31: 930 Main St | J31: Credit Card | K31: Delivered | L31: TRK59744090 | M31: 6 | N31: SAVE10 | O31: Referral | P31: 1270.59 | Q31: 1270.59 | R31: =IF(OR(P31<Outliers!$B$5, P31>Outliers!$B$6), "outliers", "")
A32: ORD200030 | B32: 45738 | C32: 2025 | D32: Q1 | E32: C44267 | F32: Monitor | G32: 2 | H32: 426.7 | I32: 895 Main St | J32: Online | K32: Pending | L32: TRK54751444 | M32: 5 | N32: SAVE10 | O32: Referral | P32: 853.4 | Q32: 853.4 | R32: =IF(OR(P32<Outliers!$B$5, P32>Outliers!$B$6), "outliers", "")
A33: ORD200031 | B33: 45107 | C33: 2023 | D33: Q2 | E33: C26445 | F33: Chair | G33: 3 | H33: 500.08 | I33: 996 Main St | J33: Debit Card | K33: Returned | L33: TRK31229981 | M33: 6 | O33: Facebook | P33: 1500.24 | Q33: 1500.24 | R33: =IF(OR(P33<Outliers!$B$5, P33>Outliers!$B$6), "outliers", "")
A34: ORD200032 | B34: 45047 | C34: 2023 | D34: Q2 | E34: C12388 | F34: Tablet | G34: 5 | H34: 536.72 | I34: 830 Main St | J34: Cash | K34: Delivered | L34: TRK99261395 | M34: 10 | O34: Email | P34: 2683.6 | Q34: 2683.6 | R34: =IF(OR(P34<Outliers!$B$5, P34>Outliers!$B$6), "outliers", "")
A35: ORD200033 | B35: 45082 | C35: 2023 | D35: Q2 | E35: C52184 | F35: Chair | G35: 1 | H35: 162.77 | I35: 912 Main St | J35: Online | K35: Cancelled | L35: TRK73312471 | M35: 4 | N35: WINTER15 | O35: Facebook | P35: 162.77 | Q35: 162.77 | R35: =IF(OR(P35<Outliers!$B$5, P35>Outliers!$B$6), "outliers", "")
A36: ORD200034 | B36: 44933 | C36: 2023 | D36: Q1 | E36: C67195 | F36: Chair | G36: 4 | H36: 576.52 | I36: 926 Main St | J36: Credit Card | K36: Pending | L36: TRK55467915 | M36: 5 | N36: WINTER15 | O36: Facebook | P36: 2306.08 | Q36: 2306.08 | R36: =IF(OR(P36<Outliers!$B$5, P36>Outliers!$B$6), "outliers", "")
A37: ORD200035 | B37: 45633 | C37: 2024 | D37: Q4 | E37: C50304 | F37: Monitor | G37: 2 | H37: 465.15 | I37: 128 Main St | J37: Online | K37: Shipped | L37: TRK46850888 | M37: 2 | N37: SAVE10 | O37: Facebook | P37: 930.3 | Q37: 930.3 | R37: =IF(OR(P37<Outliers!$B$5, P37>Outliers!$B$6), "outliers", "")
A38: ORD200036 | B38: 45785 | C38: 2025 | D38: Q2 | E38: C59337 | F38: Laptop | G38: 2 | H38: 534.43 | I38: 465 Main St | J38: Debit Card | K38: Pending | L38: TRK50961250 | M38: 5 | O38: Facebook | P38: 1068.86 | Q38: 1068.86 | R38: =IF(OR(P38<Outliers!$B$5, P38>Outliers!$B$6), "outliers", "")
A39: ORD200037 | B39: 45579 | C39: 2024 | D39: Q4 | E39: C10054 | F39: Laptop | G39: 2 | H39: 76.74 | I39: 409 Main St | J39: Cash | K39: Returned | L39: TRK94005261 | M39: 7 | N39: SAVE10 | O39: Instagram | P39: 153.48 | Q39: 153.48 | R39: =IF(OR(P39<Outliers!$B$5, P39>Outliers!$B$6), "outliers", "")
A40: ORD200038 | B40: 45645 | C40: 2024 | D40: Q4 | E40: C15924 | F40: Laptop | G40: 1 | H40: 245.89 | I40: 549 Main St | J40: Debit Card | K40: Delivered | L40: TRK14835975 | M40: 3 | N40: SAVE10 | O40: Google | P40: 245.89 | Q40: 245.89 | R40: =IF(OR(P40<Outliers!$B$5, P40>Outliers!$B$6), "outliers", "")
A41: ORD200039 | B41: 45715 | C41: 2025 | D41: Q1 | E41: C96664 | F41: Printer | G41: 3 | H41: 256.46 | I41: 666 Main St | J41: Credit Card | K41: Delivered | L41: TRK85508960 | M41: 4 | N41: SAVE10 | O41: Referral | P41: 769.38 | Q41: 769.38 | R41: =IF(OR(P41<Outliers!$B$5, P41>Outliers!$B$6), "outliers", "")
A42: ORD200040 | B42: 45158 | C42: 2023 | D42: Q3 | E42: C84766 | F42: Desk | G42: 2 | H42: 344.02 | I42: 267 Main St | J42: Online | K42: Delivered | L42: TRK78967923 | M42: 4 | N42: FREESHIP | O42: Instagram | P42: 688.04 | Q42: 688.04 | R42: =IF(OR(P42<Outliers!$B$5, P42>Outliers!$B$6), "outliers", "")
A43: ORD200041 | B43: 45265 | C43: 2023 | D43: Q4 | E43: C20212 | F43: Monitor | G43: 3 | H43: 611.45 | I43: 657 Main St | J43: Gift Card | K43: Pending | L43: TRK69733327 | M43: 4 | N43: FREESHIP | O43: Instagram | P43: 1834.35 | Q43: 1834.35 | R43: =IF(OR(P43<Outliers!$B$5, P43>Outliers!$B$6), "outliers", "")
A44: ORD200042 | B44: 45418 | C44: 2024 | D44: Q2 | E44: C28712 | F44: Printer | G44: 2 | H44: 151.66 | I44: 980 Main St | J44: Cash | K44: Cancelled | L44: TRK40772558 | M44: 6 | O44: Instagram | P44: 303.32 | Q44: 303.32 | R44: =IF(OR(P44<Outliers!$B$5, P44>Outliers!$B$6), "outliers", "")
A45: ORD200043 | B45: 45274 | C45: 2023 | D45: Q4 | E45: C60572 | F45: Chair | G45: 3 | H45: 499.21 | I45: 871 Main St | J45: Online | K45: Cancelled | L45: TRK20351666 | M45: 8 | O45: Instagram | P45: 1497.63 | Q45: 1497.63 | R45: =IF(OR(P45<Outliers!$B$5, P45>Outliers!$B$6), "outliers", "")
A46: ORD200044 | B46: 45768 | C46: 2025 | D46: Q2 | E46: C73225 | F46: Phone | G46: 2 | H46: 550.18 | I46: 996 Main St | J46: Gift Card | K46: Returned | L46: TRK73848522 | M46: 3 | N46: FREESHIP | O46: Referral | P46: 1100.36 | Q46: 1100.36 | R46: =IF(OR(P46<Outliers!$B$5, P46>Outliers!$B$6), "outliers", "")
A47: ORD200045 | B47: 45332 | C47: 2024 | D47: Q1 | E47: C17388 | F47: Chair | G47: 1 | H47: 317.25 | I47: 157 Main St | J47: Debit Card | K47: Returned | L47: TRK47077395 | M47: 1 | N47: SAVE10 | O47: Facebook | P47: 317.25 | Q47: 317.25 | R47: =IF(OR(P47<Outliers!$B$5, P47>Outliers!$B$6), "outliers", "")
A48: ORD200046 | B48: 45469 | C48: 2024 | D48: Q2 | E48: C43212 | F48: Monitor | G48: 4 | H48: 550.14 | I48: 223 Main St | J48: Debit Card | K48: Pending | L48: TRK25100762 | M48: 4 | N48: FREESHIP | O48: Instagram | P48: 2200.56 | Q48: 2200.56 | R48: =IF(OR(P48<Outliers!$B$5, P48>Outliers!$B$6), "outliers", "")
A49: ORD200047 | B49: 45126 | C49: 2023 | D49: Q3 | E49: C38134 | F49: Desk | G49: 2 | H49: 209.94 | I49: 323 Main St | J49: Credit Card | K49: Returned | L49: TRK42450754 | M49: 3 | N49: FREESHIP | O49: Email | P49: 419.88 | Q49: 419.88 | R49: =IF(OR(P49<Outliers!$B$5, P49>Outliers!$B$6), "outliers", "")
A50: ORD200048 | B50: 45164 | C50: 2023 | D50: Q3 | E50: C12408 | F50: Monitor | G50: 2 | H50: 80.77 | I50: 464 Main St | J50: Debit Card | K50: Shipped | L50: TRK38938858 | M50: 4 | O50: Google | P50: 161.54 | Q50: 161.54 | R50: =IF(OR(P50<Outliers!$B$5, P50>Outliers!$B$6), "outliers", "")
A51: ORD200049 | B51: 45206 | C51: 2023 | D51: Q4 | E51: C11985 | F51: Printer | G51: 1 | H51: 30.44 | I51: 633 Main St | J51: Credit Card | K51: Shipped | L51: TRK53272402 | M51: 1 | N51: SAVE10 | O51: Email | P51: 30.44 | Q51: 30.44 | R51: =IF(OR(P51<Outliers!$B$5, P51>Outliers!$B$6), "outliers", "")
A52: ORD200050 | B52: 45138 | C52: 2023 | D52: Q3 | E52: C96494 | F52: Tablet | G52: 1 | H52: 179.22 | I52: 446 Main St | J52: Online | K52: Cancelled | L52: TRK14675049 | M52: 6 | N52: FREESHIP | O52: Instagram | P52: 179.22 | Q52: 179.22 | R52: =IF(OR(P52<Outliers!$B$5, P52>Outliers!$B$6), "outliers", "")
A53: ORD200051 | B53: 45656 | C53: 2024 | D53: Q4 | E53: C36778 | F53: Tablet | G53: 1 | H53: 388.33 | I53: 434 Main St | J53: Cash | K53: Returned | L53: TRK67610289 | M53: 2 | N53: SAVE10 | O53: Facebook | P53: 388.33 | Q53: 388.33 | R53: =IF(OR(P53<Outliers!$B$5, P53>Outliers!$B$6), "outliers", "")
A54: ORD200052 | B54: 45543 | C54: 2024 | D54: Q3 | E54: C30513 | F54: Tablet | G54: 1 | H54: 586.44 | I54: 232 Main St | J54: Online | K54: Returned | L54: TRK64320429 | M54: 5 | N54: SAVE10 | O54: Facebook | P54: 586.44 | Q54: 586.44 | R54: =IF(OR(P54<Outliers!$B$5, P54>Outliers!$B$6), "outliers", "")
A55: ORD200053 | B55: 45430 | C55: 2024 | D55: Q2 | E55: C67551 | F55: Phone | G55: 4 | H55: 488.78 | I55: 512 Main St | J55: Online | K55: Returned | L55: TRK94992552 | M55: 5 | N55: FREESHIP | O55: Google | P55: 1955.12 | Q55: 1955.12 | R55: =IF(OR(P55<Outliers!$B$5, P55>Outliers!$B$6), "outliers", "")
A56: ORD200054 | B56: 45743 | C56: 2025 | D56: Q1 | E56: C48120 | F56: Chair | G56: 1 | H56: 280.25 | I56: 623 Main St | J56: Online | K56: Pending | L56: TRK11014449 | M56: 5 | N56: WINTER15 | O56: Email | P56: 280.25 | Q56: 280.25 | R56: =IF(OR(P56<Outliers!$B$5, P56>Outliers!$B$6), "outliers", "")
A57: ORD200055 | B57: 45832 | C57: 2025 | D57: Q2 | E57: C95984 | F57: Printer | G57: 3 | H57: 344.4 | I57: 565 Main St | J57: Online | K57: Cancelled | L57: TRK67434829 | M57: 3 | O57: Facebook | P57: 1033.2 | Q57: 1033.2 | R57: =IF(OR(P57<Outliers!$B$5, P57>Outliers!$B$6), "outliers", "")
A58: ORD200056 | B58: 45067 | C58: 2023 | D58: Q2 | E58: C54298 | F58: Tablet | G58: 3 | H58: 479.21 | I58: 566 Main St | J58: Cash | K58: Cancelled | L58: TRK62902341 | M58: 5 | N58: WINTER15 | O58: Referral | P58: 1437.63 | Q58: 1437.63 | R58: =IF(OR(P58<Outliers!$B$5, P58>Outliers!$B$6), "outliers", "")
A59: ORD200057 | B59: 44948 | C59: 2023 | D59: Q1 | E59: C88036 | F59: Printer | G59: 5 | H59: 314.27 | I59: 842 Main St | J59: Cash | K59: Returned | L59: TRK52470128 | M59: 6 | N59: SAVE10 | O59: Instagram | P59: 1571.35 | Q59: 1571.35 | R59: =IF(OR(P59<Outliers!$B$5, P59>Outliers!$B$6), "outliers", "")
A60: ORD200058 | B60: 44941 | C60: 2023 | D60: Q1 | E60: C60190 | F60: Phone | G60: 4 | H60: 474.69 | I60: 202 Main St | J60: Gift Card | K60: Cancelled | L60: TRK70857868 | M60: 6 | N60: SAVE10 | O60: Google | P60: 1898.76 | Q60: 1898.76 | R60: =IF(OR(P60<Outliers!$B$5, P60>Outliers!$B$6), "outliers", "")
A61: ORD200059 | B61: 45546 | C61: 2024 | D61: Q3 | E61: C97603 | F61: Chair | G61: 4 | H61: 593.27 | I61: 811 Main St | J61: Online | K61: Shipped | L61: TRK47055028 | M61: 5 | O61: Facebook | P61: 2373.08 | Q61: 2373.08 | R61: =IF(OR(P61<Outliers!$B$5, P61>Outliers!$B$6), "outliers", "")
A62: ORD200060 | B62: 45525 | C62: 2024 | D62: Q3 | E62: C39256 | F62: Desk | G62: 1 | H62: 417.1 | I62: 634 Main St | J62: Debit Card | K62: Returned | L62: TRK23412025 | M62: 3 | N62: FREESHIP | O62: Referral | P62: 417.1 | Q62: 417.1 | R62: =IF(OR(P62<Outliers!$B$5, P62>Outliers!$B$6), "outliers", "")
A63: ORD200061 | B63: 45375 | C63: 2024 | D63: Q1 | E63: C61618 | F63: Desk | G63: 4 | H63: 122.2 | I63: 104 Main St | J63: Cash | K63: Delivered | L63: TRK43458485 | M63: 7 | N63: FREESHIP | O63: Facebook | P63: 488.8 | Q63: 488.8 | R63: =IF(OR(P63<Outliers!$B$5, P63>Outliers!$B$6), "outliers", "")
A64: ORD200062 | B64: 45160 | C64: 2023 | D64: Q3 | E64: C36497 | F64: Desk | G64: 2 | H64: 43.15 | I64: 691 Main St | J64: Debit Card | K64: Pending | L64: TRK12102911 | M64: 3 | N64: WINTER15 | O64: Email | P64: 86.3 | Q64: 86.3 | R64: =IF(OR(P64<Outliers!$B$5, P64>Outliers!$B$6), "outliers", "")
A65: ORD200063 | B65: 45690 | C65: 2025 | D65: Q1 | E65: C96695 | F65: Chair | G65: 1 | H65: 564.86 | I65: 813 Main St | J65: Debit Card | K65: Shipped | L65: TRK64283851 | M65: 6 | N65: WINTER15 | O65: Referral | P65: 564.86 | Q65: 564.86 | R65: =IF(OR(P65<Outliers!$B$5, P65>Outliers!$B$6), "outliers", "")
A66: ORD200064 | B66: 45833 | C66: 2025 | D66: Q2 | E66: C49720 | F66: Printer | G66: 3 | H66: 130.61 | I66: 752 Main St | J66: Debit Card | K66: Cancelled | L66: TRK55785217 | M66: 4 | N66: FREESHIP | O66: Facebook | P66: 391.83 | Q66: 391.83 | R66: =IF(OR(P66<Outliers!$B$5, P66>Outliers!$B$6), "outliers", "")
A67: ORD200065 | B67: 45290 | C67: 2023 | D67: Q4 | E67: C97735 | F67: Monitor | G67: 5 | H67: 81.7 | I67: 385 Main St | J67: Credit Card | K67: Delivered | L67: TRK13743703 | M67: 6 | O67: Instagram | P67: 408.5 | Q67: 408.5 | R67: =IF(OR(P67<Outliers!$B$5, P67>Outliers!$B$6), "outliers", "")
A68: ORD200066 | B68: 45611 | C68: 2024 | D68: Q4 | E68: C18104 | F68: Chair | G68: 5 | H68: 127.18 | I68: 715 Main St | J68: Cash | K68: Cancelled | L68: TRK15488568 | M68: 9 | N68: SAVE10 | O68: Referral | P68: 635.9 | Q68: 635.9 | R68: =IF(OR(P68<Outliers!$B$5, P68>Outliers!$B$6), "outliers", "")
A69: ORD200067 | B69: 45635 | C69: 2024 | D69: Q4 | E69: C25587 | F69: Printer | G69: 4 | H69: 12.1 | I69: 440 Main St | J69: Debit Card | K69: Cancelled | L69: TRK55105323 | M69: 8 | O69: Google | P69: 48.4 | Q69: 48.4 | R69: =IF(OR(P69<Outliers!$B$5, P69>Outliers!$B$6), "outliers", "")
A70: ORD200068 | B70: 45271 | C70: 2023 | D70: Q4 | E70: C41598 | F70: Chair | G70: 3 | H70: 490.92 | I70: 709 Main St | J70: Credit Card | K70: Pending | L70: TRK81665940 | M70: 5 | N70: FREESHIP | O70: Email | P70: 1472.76 | Q70: 1472.76 | R70: =IF(OR(P70<Outliers!$B$5, P70>Outliers!$B$6), "outliers", "")
A71: ORD200069 | B71: 45057 | C71: 2023 | D71: Q2 | E71: C43338 | F71: Monitor | G71: 3 | H71: 478.65 | I71: 552 Main St | J71: Online | K71: Shipped | L71: TRK35241775 | M71: 4 | O71: Referral | P71: 1435.95 | Q71: 1435.95 | R71: =IF(OR(P71<Outliers!$B$5, P71>Outliers!$B$6), "outliers", "")
A72: ORD200070 | B72: 45072 | C72: 2023 | D72: Q2 | E72: C25123 | F72: Desk | G72: 1 | H72: 629.21 | I72: 384 Main St | J72: Gift Card | K72: Pending | L72: TRK27812282 | M72: 2 | N72: FREESHIP | O72: Instagram | P72: 629.21 | Q72: 629.21 | R72: =IF(OR(P72<Outliers!$B$5, P72>Outliers!$B$6), "outliers", "")
A73: ORD200071 | B73: 45818 | C73: 2025 | D73: Q2 | E73: C37454 | F73: Monitor | G73: 3 | H73: 434.45 | I73: 923 Main St | J73: Credit Card | K73: Pending | L73: TRK28252730 | M73: 4 | O73: Referral | P73: 1303.35 | Q73: 1303.35 | R73: =IF(OR(P73<Outliers!$B$5, P73>Outliers!$B$6), "outliers", "")
A74: ORD200072 | B74: 45648 | C74: 2024 | D74: Q4 | E74: C19451 | F74: Tablet | G74: 4 | H74: 589.44 | I74: 942 Main St | J74: Gift Card | K74: Returned | L74: TRK87787793 | M74: 5 | O74: Facebook | P74: 2357.76 | Q74: 2357.76 | R74: =IF(OR(P74<Outliers!$B$5, P74>Outliers!$B$6), "outliers", "")
A75: ORD200073 | B75: 45049 | C75: 2023 | D75: Q2 | E75: C17269 | F75: Monitor | G75: 4 | H75: 433.45 | I75: 129 Main St | J75: Gift Card | K75: Cancelled | L75: TRK79608389 | M75: 4 | O75: Facebook | P75: 1733.8 | Q75: 1733.8 | R75: =IF(OR(P75<Outliers!$B$5, P75>Outliers!$B$6), "outliers", "")
A76: ORD200074 | B76: 45101 | C76: 2023 | D76: Q2 | E76: C25382 | F76: Phone | G76: 5 | H76: 90.87 | I76: 622 Main St | J76: Cash | K76: Pending | L76: TRK64691287 | M76: 5 | O76: Instagram | P76: 454.35 | Q76: 454.35 | R76: =IF(OR(P76<Outliers!$B$5, P76>Outliers!$B$6), "outliers", "")
A77: ORD200075 | B77: 45195 | C77: 2023 | D77: Q3 | E77: C80651 | F77: Tablet | G77: 3 | H77: 398.17 | I77: 917 Main St | J77: Debit Card | K77: Delivered | L77: TRK14846720 | M77: 5 | N77: SAVE10 | O77: Email | P77: 1194.51 | Q77: 1194.51 | R77: =IF(OR(P77<Outliers!$B$5, P77>Outliers!$B$6), "outliers", "")
A78: ORD200076 | B78: 45382 | C78: 2024 | D78: Q1 | E78: C58638 | F78: Laptop | G78: 4 | H78: 382.88 | I78: 239 Main St | J78: Cash | K78: Cancelled | L78: TRK38224871 | M78: 6 | N78: WINTER15 | O78: Email | P78: 1531.52 | Q78: 1531.52 | R78: =IF(OR(P78<Outliers!$B$5, P78>Outliers!$B$6), "outliers", "")
A79: ORD200077 | B79: 45436 | C79: 2024 | D79: Q2 | E79: C50121 | F79: Phone | G79: 1 | H79: 583.18 | I79: 348 Main St | J79: Credit Card | K79: Returned | L79: TRK79810059 | M79: 5 | O79: Google | P79: 583.18 | Q79: 583.18 | R79: =IF(OR(P79<Outliers!$B$5, P79>Outliers!$B$6), "outliers", "")
A80: ORD200078 | B80: 45510 | C80: 2024 | D80: Q3 | E80: C32029 | F80: Printer | G80: 4 | H80: 175.36 | I80: 146 Main St | J80: Debit Card | K80: Delivered | L80: TRK68535532 | M80: 4 | N80: FREESHIP | O80: Instagram | P80: 701.44 | Q80: 701.44 | R80: =IF(OR(P80<Outliers!$B$5, P80>Outliers!$B$6), "outliers", "")
A81: ORD200079 | B81: 45726 | C81: 2025 | D81: Q1 | E81: C76700 | F81: Tablet | G81: 2 | H81: 311.91 | I81: 103 Main St | J81: Online | K81: Shipped | L81: TRK13036341 | M81: 2 | O81: Facebook | P81: 623.82 | Q81: 623.82 | R81: =IF(OR(P81<Outliers!$B$5, P81>Outliers!$B$6), "outliers", "")
A82: ORD200080 | B82: 45104 | C82: 2023 | D82: Q2 | E82: C29041 | F82: Phone | G82: 3 | H82: 589.56 | I82: 591 Main St | J82: Online | K82: Returned | L82: TRK28840655 | M82: 6 | O82: Facebook | P82: 1768.68 | Q82: 1768.68 | R82: =IF(OR(P82<Outliers!$B$5, P82>Outliers!$B$6), "outliers", "")
A83: ORD200081 | B83: 45085 | C83: 2023 | D83: Q2 | E83: C29314 | F83: Monitor | G83: 2 | H83: 394.3 | I83: 496 Main St | J83: Cash | K83: Shipped | L83: TRK59876213 | M83: 6 | N83: FREESHIP | O83: Email | P83: 788.6 | Q83: 788.6 | R83: =IF(OR(P83<Outliers!$B$5, P83>Outliers!$B$6), "outliers", "")
A84: ORD200082 | B84: 45296 | C84: 2024 | D84: Q1 | E84: C65799 | F84: Tablet | G84: 4 | H84: 565.2 | I84: 971 Main St | J84: Debit Card | K84: Shipped | L84: TRK66906607 | M84: 9 | N84: SAVE10 | O84: Google | P84: 2260.8 | Q84: 2260.8 | R84: =IF(OR(P84<Outliers!$B$5, P84>Outliers!$B$6), "outliers", "")
A85: ORD200083 | B85: 45160 | C85: 2023 | D85: Q3 | E85: C15681 | F85: Laptop | G85: 4 | H85: 540.41 | I85: 989 Main St | J85: Credit Card | K85: Cancelled | L85: TRK75112172 | M85: 6 | O85: Referral | P85: 2161.64 | Q85: 2161.64 | R85: =IF(OR(P85<Outliers!$B$5, P85>Outliers!$B$6), "outliers", "")
A86: ORD200084 | B86: 45166 | C86: 2023 | D86: Q3 | E86: C64160 | F86: Monitor | G86: 2 | H86: 165.49 | I86: 967 Main St | J86: Online | K86: Shipped | L86: TRK34121529 | M86: 4 | N86: WINTER15 | O86: Instagram | P86: 330.98 | Q86: 330.98 | R86: =IF(OR(P86<Outliers!$B$5, P86>Outliers!$B$6), "outliers", "")
A87: ORD200085 | B87: 45544 | C87: 2024 | D87: Q3 | E87: C14553 | F87: Tablet | G87: 3 | H87: 146.73 | I87: 768 Main St | J87: Cash | K87: Delivered | L87: TRK93538334 | M87: 8 | N87: FREESHIP | O87: Email | P87: 440.19 | Q87: 440.19 | R87: =IF(OR(P87<Outliers!$B$5, P87>Outliers!$B$6), "outliers", "")
A88: ORD200086 | B88: 45462 | C88: 2024 | D88: Q2 | E88: C88205 | F88: Printer | G88: 5 | H88: 643.03 | I88: 447 Main St | J88: Online | K88: Cancelled | L88: TRK93504166 | M88: 5 | N88: FREESHIP | O88: Referral | P88: 3215.15 | Q88: 3215.15 | R88: =IF(OR(P88<Outliers!$B$5, P88>Outliers!$B$6), "outliers", "")
A89: ORD200087 | B89: 45575 | C89: 2024 | D89: Q4 | E89: C91245 | F89: Tablet | G89: 3 | H89: 225.11 | I89: 915 Main St | J89: Cash | K89: Shipped | L89: TRK46976391 | M89: 4 | N89: SAVE10 | O89: Facebook | P89: 675.33 | Q89: 675.33 | R89: =IF(OR(P89<Outliers!$B$5, P89>Outliers!$B$6), "outliers", "")
A90: ORD200088 | B90: 45813 | C90: 2025 | D90: Q2 | E90: C75439 | F90: Desk | G90: 3 | H90: 114.81 | I90: 318 Main St | J90: Gift Card | K90: Cancelled | L90: TRK19831653 | M90: 7 | O90: Google | P90: 344.43 | Q90: 344.43 | R90: =IF(OR(P90<Outliers!$B$5, P90>Outliers!$B$6), "outliers", "")
A91: ORD200089 | B91: 45713 | C91: 2025 | D91: Q1 | E91: C17181 | F91: Printer | G91: 5 | H91: 455.33 | I91: 291 Main St | J91: Credit Card | K91: Cancelled | L91: TRK78912978 | M91: 8 | N91: FREESHIP | O91: Google | P91: 2276.65 | Q91: 2276.65 | R91: =IF(OR(P91<Outliers!$B$5, P91>Outliers!$B$6), "outliers", "")
A92: ORD200090 | B92: 45187 | C92: 2023 | D92: Q3 | E92: C36540 | F92: Chair | G92: 4 | H92: 182.08 | I92: 611 Main St | J92: Gift Card | K92: Delivered | L92: TRK35828122 | M92: 4 | N92: SAVE10 | O92: Email | P92: 728.32 | Q92: 728.32 | R92: =IF(OR(P92<Outliers!$B$5, P92>Outliers!$B$6), "outliers", "")
A93: ORD200091 | B93: 45000 | C93: 2023 | D93: Q1 | E93: C98216 | F93: Laptop | G93: 5 | H93: 492.75 | I93: 196 Main St | J93: Cash | K93: Shipped | L93: TRK40986666 | M93: 6 | N93: WINTER15 | O93: Referral | P93: 2463.75 | Q93: 2463.75 | R93: =IF(OR(P93<Outliers!$B$5, P93>Outliers!$B$6), "outliers", "")
A94: ORD200092 | B94: 45453 | C94: 2024 | D94: Q2 | E94: C29568 | F94: Printer | G94: 4 | H94: 48.61 | I94: 203 Main St | J94: Online | K94: Shipped | L94: TRK46531075 | M94: 7 | N94: FREESHIP | O94: Facebook | P94: 194.44 | Q94: 194.44 | R94: =IF(OR(P94<Outliers!$B$5, P94>Outliers!$B$6), "outliers", "")
A95: ORD200093 | B95: 44940 | C95: 2023 | D95: Q1 | E95: C97262 | F95: Desk | G95: 4 | H95: 431.01 | I95: 837 Main St | J95: Credit Card | K95: Returned | L95: TRK65990229 | M95: 7 | O95: Referral | P95: 1724.04 | Q95: 1724.04 | R95: =IF(OR(P95<Outliers!$B$5, P95>Outliers!$B$6), "outliers", "")
A96: ORD200094 | B96: 44968 | C96: 2023 | D96: Q1 | E96: C79821 | F96: Chair | G96: 1 | H96: 531.18 | I96: 781 Main St | J96: Gift Card | K96: Returned | L96: TRK12780193 | M96: 6 | N96: WINTER15 | O96: Instagram | P96: 531.18 | Q96: 531.18 | R96: =IF(OR(P96<Outliers!$B$5, P96>Outliers!$B$6), "outliers", "")
A97: ORD200095 | B97: 45009 | C97: 2023 | D97: Q1 | E97: C76761 | F97: Printer | G97: 4 | H97: 117.51 | I97: 839 Main St | J97: Debit Card | K97: Returned | L97: TRK60179774 | M97: 7 | O97: Referral | P97: 470.04 | Q97: 470.04 | R97: =IF(OR(P97<Outliers!$B$5, P97>Outliers!$B$6), "outliers", "")
A98: ORD200096 | B98: 45444 | C98: 2024 | D98: Q2 | E98: C93007 | F98: Phone | G98: 2 | H98: 232.83 | I98: 103 Main St | J98: Gift Card | K98: Delivered | L98: TRK85696091 | M98: 7 | O98: Instagram | P98: 465.66 | Q98: 465.66 | R98: =IF(OR(P98<Outliers!$B$5, P98>Outliers!$B$6), "outliers", "")
A99: ORD200097 | B99: 45678 | C99: 2025 | D99: Q1 | E99: C15624 | F99: Tablet | G99: 5 | H99: 619.52 | I99: 922 Main St | J99: Debit Card | K99: Pending | L99: TRK40621141 | M99: 9 | O99: Email | P99: 3097.6 | Q99: 3097.6 | R99: =IF(OR(P99<Outliers!$B$5, P99>Outliers!$B$6), "outliers", "")
A100: ORD200098 | B100: 44940 | C100: 2023 | D100: Q1 | E100: C70921 | F100: Printer | G100: 2 | H100: 228.54 | I100: 533 Main St | J100: Debit Card | K100: Pending | L100: TRK54983109 | M100: 3 | O100: Email | P100: 457.08 | Q100: 457.08 | R100: =IF(OR(P100<Outliers!$B$5, P100>Outliers!$B$6), "outliers", "")
...

Sheet Summary Table
A1: Metric | B1: Mean | C1: Median | D1: Std dev | E1: Min | F1: Max
A2: Quantity | B2: =AVERAGE('Dataset for Data Analytics - cl'!G2:G1201) -> 2.9458333 | C2: =MEDIAN('Dataset for Data Analytics - cl'!G2:G1201) -> 3 | D2: =_xlfn.STDEV.S('Dataset for Data Analytics - cl'!G2:G1201) -> 1.4075571 | E2: =MIN('Dataset for Data Analytics - cl'!G2:G1201) -> 1 | F2: =MAX('Dataset for Data Analytics - cl'!G2:G1201) -> 5
A3: Unitprice | B3: =AVERAGE('Dataset for Data Analytics - cl'!H2:H1201) -> 356.41275 | C3: =MEDIAN('Dataset for Data Analytics - cl'!H2:H1201) -> 364.21 | D3: =_xlfn.STDEV.S('Dataset for Data Analytics - cl'!H2:H1201) -> 197.17715 | E3: =MIN('Dataset for Data Analytics - cl'!H2:H1201) -> 11.39 | F3: =MAX('Dataset for Data Analytics - cl'!H2:H1201) -> 699.93
A4: itemsincart | B4: =AVERAGE('Dataset for Data Analytics - cl'!M2:M1201) -> 5.485 | C4: =MEDIAN('Dataset for Data Analytics - cl'!M2:M1201) -> 5 | D4: =_xlfn.STDEV.S('Dataset for Data Analytics - cl'!M2:M1201) -> 2.2819833 | E4: =MIN('Dataset for Data Analytics - cl'!M2:M1201) -> 1 | F4: =MAX('Dataset for Data Analytics - cl'!M2:M1201) -> 10
A5: Totalprice | B5: =AVERAGE('Dataset for Data Analytics - cl'!P2:P1201) -> 1053.9683 | C5: =MEDIAN('Dataset for Data Analytics - cl'!P2:P1201) -> 823.615 | D5: =_xlfn.STDEV.S('Dataset for Data Analytics - cl'!P2:P1201) -> 819.85656 | E5: =MIN('Dataset for Data Analytics - cl'!P2:P1201) -> 11.39 | F5: =MAX('Dataset for Data Analytics - cl'!P2:P1201) -> 3456.4

Sheet Count Of Product
A3: Products | B3: Count of OrderID
A4: Printer | B4: 181
A5: Tablet | B5: 179
A6: Chair | B6: 178
A7: Laptop | B7: 173
A8: Desk | B8: 170
A9: Monitor | B9: 163
A10: Phone | B10: 156
A11: Grand Total | B11: 1200

Sheet Status Count
A3: Staus | B3: Count of OrderID
A4: Cancelled | B4: 250
A5: Returned | B5: 247
A6: Pending | B6: 237
A7: Shipped | B7: 235
A8: Delivered | B8: 231
A9: Grand Total | B9: 1200

Sheet Referral
A3: Referral | B3: Count of OrderID
A4: Instagram | B4: 259
A5: Email | B5: 250
A6: Google | B6: 241
A7: Facebook | B7: 228
A8: Referral | B8: 222
A9: Grand Total | B9: 1200

Sheet Coupon
A3: Coupon | B3: Count of OrderID
A4: FREESHIP | B4: 313
A5: (blank) | B5: 309
A6: WINTER15 | B6: 292
A7: SAVE10 | B7: 286
A8: Grand Total | B8: 1200

Sheet Payment
A3: Payment | B3: Count of OrderID
A4: Online | B4: 258
A5: Cash | B5: 246
A6: Credit Card | B6: 234
A7: Debit Card | B7: 232
A8: Gift Card | B8: 230
A9: Grand Total | B9: 1200

Sheet Sum
A3: Count of OrderID | B3: Sum of TotalPrice
A4: 1200 | B4: 1264762

Sheet Trend
A3: Date | B3: Sum of TotalPrice
A4: 2023 | B4: 552643.24
A5: Qtr1 | B5: 145412.78
A6: Qtr2 | B6: 141088.74
A7: Qtr3 | B7: 126699.47
A8: Qtr4 | B8: 139442.25
A9: 2024 | B9: 480235.87
A10: Qtr1 | B10: 111468.55
A11: Qtr2 | B11: 145590.79
A12: Qtr3 | B12: 114750.03
A13: Qtr4 | B13: 108426.5
A14: 2025 | B14: 231882.85
A15: Qtr1 | B15: 103617.61
... A17: Grand Total | B17: 1264762

Sheet Outliers
A2: Q1 | B2: =_xlfn.QUARTILE.INC('Dataset for Data Analytics - cl'!P2:P1201, 1) -> 410.52
A3: Q3 | B3: =_xlfn.QUARTILE.INC('Dataset for Data Analytics - cl'!P2:P1201, 3) -> 1578.475
A4: IQR | B4: =B3-B2 -> 1167.955
A5: Lower | B5: =B2-1.5*B4 -> -1341.4125
A6: upper | B6: =B3+1.5*B4 -> 3330.4075
